scraped_at,created_at,username,comment,likes
2025-12-07T14:13:33,2025-10-28T23:38:53,huse7n,â€œLebih jahat dari saya.â€ Artinya adalahâ€¦? ğŸ¥²ğŸ¥²ğŸ¥²,4362
2025-12-07T14:13:33,2025-10-24T07:56:03,fitra.eri,"Astaga. Semoga ini AI, please",31666
2025-12-07T14:13:33,2025-11-05T15:12:52,sofyanaris_,tinggal nggu berita banjir etanol di ruma beliau,437
2025-12-07T14:13:33,2025-11-02T19:50:07,ergiwyan,Orgil,175
2025-12-07T14:13:33,2025-12-04T19:56:31,agus_tinustampubolon,DENGAN BANGGA DIA BILANG BEGITU????,16
2025-12-07T14:13:33,2025-10-27T19:31:58,ompolosbanget1,Ini beneran ngomong gini ?ğŸ˜®,444
2025-12-07T14:13:33,2025-12-02T22:37:00,edwardhalimm,haa..?,29
2025-12-07T14:13:33,2025-12-04T19:42:53,asmaraabigail,how can you say something like this?,23
2025-12-07T14:13:33,2025-12-04T19:46:11,m_fikri_al_anshori,,22
2025-12-07T14:13:33,2025-11-29T14:01:29,denis_mssa,WaduhhğŸ˜­,6
2025-12-07T14:13:33,2025-11-12T12:29:04,yeripras,Jujur bgt pak? ğŸ˜‚,7
2025-12-07T14:13:33,2025-10-26T22:27:09,dhamang,Kali ini real banget AI nya lil,13
2025-12-07T14:13:33,2025-10-29T12:25:20,vidyantara,"Adek-adek, inilah alasan kenapa Indonesia gini-gini aja.",1216
2025-12-07T14:13:33,2025-10-27T12:14:41,effendy.fnd,"Kan pepatah bilang, kalo mau liat karakter org sesungguhnya, kasih lah dia jabatan dan hidup mewah. Di situlah keliatan bagaimana karakter asli nya seseorang.",28
2025-12-07T14:13:33,2025-11-10T14:11:05,rizqies14,selama ini hanya menduga duga malah dia blak blakan,225
2025-12-07T14:13:33,2025-11-23T13:09:41,abib.sama,,74
2025-12-07T14:13:33,2025-10-29T09:50:27,gponco,"ADILI WOY!
uda jelas nih",1020
2025-12-07T14:13:33,2025-11-12T12:30:48,ikhwannuur__,lah kocak,8
2025-12-07T14:13:33,2025-10-25T08:06:48,ilhamnfaqih,sakit,9
2025-12-07T14:13:33,2025-11-11T13:39:54,raiseaji,Omongan mu tidak di filter lil lil ğŸ˜´,65
2025-12-07T14:13:33,2025-11-03T15:31:28,sudarmanto.antok,Usaha Prabowo untuk mengembalikan kepercayaan masyarakat kepada pemerintah bisa sia2 jika mempertahankan menteri seperti ini. Bahlil OUT!,51
2025-12-07T14:13:33,2025-10-28T06:56:32,deviherra,Malaikat izrail ga pgn buru2 nyabut ni orang apa ğŸ˜©,4
2025-12-07T14:13:33,2025-10-24T04:27:21,abdul.qahar_,masaaa,2
2025-12-07T14:13:33,2025-11-11T13:38:32,andih5510,Bisa nya bacot doang ğŸ˜‚,0
2025-12-07T14:13:33,2025-11-14T06:12:48,keikoushi,Yay coming out kesalahannya,11
2025-12-07T14:13:33,2025-11-08T06:09:04,varel.dacentris,"Mungkin maksud paling sebenarnya dari beliau ini adalah tentang kemunafikan. Tapi di satu sisi, ini tak pantas dan tak etis beliau paparkan dan sampaikan kepada umum secara beliau menjabat sebagai seorang menteri kepemerintahan. Tolong lain kali bahasanya bisa dibungkus dengan lebih bermoral, bermartabat, mengedukasi dan semacamnya yang sekiranya sudah seharusnya keluar dari seseorang yang setidaknya sudah selesai menjalani pendidikan tinggi.",93
2025-12-07T14:13:33,2025-10-28T10:34:24,dedifine,barang-barang enak tuh ap ya ges,2
2025-12-07T14:13:33,2025-12-06T17:07:59,_____svmmerloco,Bahlil kontol,1
2025-12-07T14:13:33,2025-11-03T22:39:07,sakria_rt3,"makasih pak, baik banget udah repot2 ngasih contoh buruk",3
2025-12-07T14:13:33,2025-12-06T12:54:19,_______legio.apollinaris______,,1
2025-12-07T14:13:33,2025-11-18T16:37:32,nusantararails,,1
2025-12-07T14:13:33,2025-12-06T11:56:55,nzridaulay,Bagus lah klau sadar diri bosğŸ‘,1
2025-12-07T14:13:33,2025-12-05T14:57:33,mocharamaa,awet bgt umur ni org,1
2025-12-07T14:13:33,2025-11-30T22:34:18,zaarchives___,udah gatau lgi makian apa yang pantes,8
2025-12-07T14:13:33,2025-12-06T07:47:28,wd1ekp,dengan PD nya ngomong gini,1
2025-12-07T14:13:33,2025-11-08T14:58:56,piyuupiuu,Bahlil sedang menggoreng dirinya sendiriğŸ˜‚,28
2025-12-07T14:13:33,2025-11-03T17:02:26,asitarsiani,Make ini orang,1
2025-12-07T14:13:33,2025-11-13T15:44:46,rykhnptraa_,Ngaku secara halus ini mahhğŸ—¿,2
2025-12-07T14:13:33,2025-11-14T15:29:40,justfreak000,"setuju kalau pejabat diperlakukan kaya di nepal, pas demo",4
2025-12-07T14:13:33,2025-12-04T20:39:35,attalzd_,Kok isokk dadi menteri ğŸ—¿,4
2025-12-07T14:13:33,2025-12-04T21:24:12,oz_vezzalius,"Bangga banget kau.. silahkan nikmati. Hisab ttp masing""",2
2025-12-07T14:13:33,2025-12-04T20:02:12,meiditaayup,Makin kesini makin kesana ya statement anda saya liat-liatğŸ—¿,1
2025-12-07T14:13:33,2025-10-26T22:51:40,vdy_ar,"Kela , urang deuk ngawahan heulla",1
2025-12-07T14:13:33,2025-12-04T22:09:07,wahyudewantoroo_,wong koyo ngene iso dadi mentri,1
2025-12-07T14:13:33,2025-12-04T18:43:57,kka270619,Ada lawannya nih jendral pongrekun darma. Solusi terbaik Indonesia merdeka dri oligarki ğŸ‡®ğŸ‡©ğŸ‡®ğŸ‡©ğŸ‡®ğŸ‡© @pongrekundharma88,1
2025-12-07T14:13:33,2025-12-04T20:39:14,attalzd_,Stress pola pikir e wong iki cak,2
2025-12-07T14:13:33,2025-12-04T17:17:48,deemethi,kenapa kita ga bikin petisi aja tentang melengserkan para pejabat yang menyengsarakan rakyat?,2
2025-12-07T14:13:33,2025-11-12T22:05:29,strnvss,,1
2025-12-07T14:13:33,2025-10-27T05:07:38,fathanaziiz,Bahaya bangt yg begini. Tanpa sadar ia menghancurkan mentalitas regenerasi mendatang. Ia menganggap bahwa semua masyarakat layaknya dirinya. Sangat tidak layak membandingkan sesuatu yg tidak/belum ada.,3
2025-12-07T14:13:33,2025-12-04T09:27:38,syarif_spotter,Makin dibiarin makin merasa kebal hukum,1
2025-12-07T14:13:33,2025-11-21T22:46:38,_dinstyy,pait pait paittt,1
2025-12-07T14:13:33,2025-12-04T11:36:31,ishma_iiru,,2
2025-12-07T14:13:33,2025-12-03T11:41:19,umam17741,Bahlil kontol,2
2025-12-07T14:13:33,2025-11-30T21:14:04,a.daboyy,"MASALAHNYA ANDA ITU DIGAJI OLEH KITA MASYARAKAT, MIKIR GASIH?",4
2025-12-07T14:13:33,2025-10-29T11:00:38,cacingbunting,"Sampai jumpa di pengadilan Tuhan, lil",4
2025-12-07T14:13:33,2025-11-05T19:20:39,dkusmawijaya,Membandingkan 2 kesalahan tidak membuat salah satunya menjadi benar ğŸ˜‡,4
2025-12-07T14:13:33,2025-11-30T00:12:35,gamespectrum_id,,8
2025-12-07T14:13:33,2025-12-04T05:55:05,_jamochi,"kadang cara yang blak-blakan terlalu mudah dicerna secara mentah oleh media. Gw gak pro-bahlil, tapi setelah banyak nya kebijakan yang aneh-aneh dari beliau, namun diikuti dengan transparansi (gak main rapi atau cantik demi dilihat media), apa sebenarnya yang pak bahlil ini maksud selama ini? Berhubung ia seorang menteri yang bermain dan beradu di dunia politik dengan banyak orang, kalo kita pikir-pikir harus nya ada ga si sesuatu dibalik semua ini selain asumsi kecerobohan dan kurangnya kinerja pak bahlil? kayak, ini hal yang terlihat janggal untuk seorang menteri dengan banyak kebijakan yang bertubi-tubi namun selalu kontroversi..",0
2025-12-07T14:13:33,2025-11-28T21:31:17,muhmmd_brllian,Kurang ajar ini bahlul @bahlillahadalia,1
2025-12-07T14:13:33,2025-10-30T20:47:58,sinergi_yudi,Jejak DigitalğŸ˜¢,1
2025-12-07T14:13:33,2025-11-13T09:37:15,fernandomartyn,Ampun la wakğŸ˜­,1
2025-12-07T14:13:33,2025-10-29T01:45:55,rismagood,Okb najieeeeessssssss ğŸ˜­,29
2025-12-07T14:13:33,2025-12-03T14:25:45,nwwfxpsps,@prabowo kau adili lah si anjing ni,1
2025-12-07T14:13:33,2025-12-02T00:19:26,husin_alkowi,,3
2025-12-07T14:13:33,2025-12-03T03:41:38,ehhhrapp,,3
2025-12-07T14:13:33,2025-12-02T18:21:27,paulusss______,,2
2025-12-07T14:13:33,2025-12-03T02:20:23,zyputraa_,@sidikrskt @ieuerwin jangan lari,0
2025-12-07T14:13:33,2025-11-12T05:32:12,ahmad_kahfi_aslam,,2
2025-12-07T14:13:33,2025-12-02T23:05:30,muhammad_rizki129,ehhh tongeret insap bebellğŸ˜­ğŸ˜­,1
2025-12-07T14:13:33,2025-12-07T13:52:27,nataaina_rz,@prabowo,0
2025-12-07T14:13:33,2025-12-07T13:47:41,fadlasitifatimah_,"please AI, gaterima bgtğŸ˜­",0
2025-12-07T14:13:33,2025-12-07T13:37:59,nadiyarman,Akui juga rupanya,0
2025-12-07T14:13:33,2025-12-07T13:16:07,asanleeeee,Bahlil pepek,0
2025-12-07T14:13:33,2025-12-07T12:55:41,cretthaas,"peler kau hytam, TURUN GA LU NJENG MULUT LU BAU ANJGGGGGG",0
2025-12-07T14:13:33,2025-12-07T12:50:04,yudi_morengy,Hibiki 21 enak pak....aluuuusssss,0
2025-12-07T14:13:33,2025-12-07T12:43:06,zhioichii,bro lil mengakui secara langsung,0
2025-12-07T14:13:33,2025-12-07T12:01:48,ariemahesa_39,Kenapa sii orang orang kaya gini ke pilih ?,0
2025-12-07T14:13:33,2025-12-07T11:55:43,faridmm0901,artinya dia memang jahat,0
2025-12-07T14:13:33,2025-12-07T11:47:58,dk_sariii,Memang anjing bngt ni orng,0
2025-12-07T14:13:33,2025-12-07T11:12:36,wardakabiran98,Orang Kayaa Baru,0
2025-12-07T14:13:33,2025-12-07T10:58:11,untungsepti634,Bahlul bahlul,0
2025-12-07T14:13:33,2025-12-07T10:56:56,rani_sembara,"Hukuman mati koruptor minimal paling lama untuk satu generasi, minimal berlaku 20tahun utk memotong tabiat korup tsb.",0
2025-12-07T14:13:33,2025-12-07T10:56:55,ibnuazzpmngks,yeeee bocah goblogggg,0
2025-12-07T14:13:33,2025-12-07T10:54:24,rani_sembara,"Gak ada salahnya perkataan Bahlil, system dinegara ini memang seperti itu, siapapun dia ketika ada kesempatan korup pasti disikat, sudah mendarah daging, satu2nya kesempatan mengubah sangat kecil, harus ada revolusi dengan tujuan berlakunya hukuman mati dan ji uk",0
2025-12-07T14:13:33,2025-12-07T10:21:38,kinsekar,Anjing kelakuan lu kek anjingggg,0
2025-12-07T14:13:33,2025-12-07T10:20:25,efghemaalr,"Otak orang bedaÂ² ya, jangan samakan apa yg dipikiran anda dengan orang lain ya Bahlil",0
2025-12-07T14:13:33,2025-12-07T10:04:27,thankyoouulife,oh pantes,0
2025-12-07T14:13:33,2025-12-07T09:05:25,sheillaazkiaamand,,0
2025-12-07T14:13:33,2025-12-07T08:32:32,subarjatif_,ğŸ˜­ğŸ˜­ğŸ˜­ğŸ˜­ğŸ˜­,0
2025-12-07T14:13:33,2025-12-07T08:13:17,kelas.cerdas,Lebih jahat dari saya? Orang jahat kok bangga,0
2025-12-07T14:13:33,2025-12-07T07:20:56,fiyu_ananda,koe ki jahat renek sak nduwure kok malah ajak ajak liane,0
2025-12-07T14:13:33,2025-12-07T07:02:36,paniai_girl,Bdh,0
2025-12-07T14:13:33,2025-12-07T06:50:58,abie1956,Rakyat susah gara2 loe manusia rakus,0
2025-12-07T14:13:33,2025-12-07T06:10:29,pianbaiq_,bjirr gini amat mindset nya menteri indoğŸ—¿,0
2025-12-07T14:13:33,2025-12-07T06:01:22,coba.tebak094,Bro mengakui klo dia jhtğŸ—¿,0
2025-12-07T14:13:33,2025-12-07T05:39:41,professorjav,kntl kntl,0
2025-12-07T14:13:33,2025-12-07T05:31:20,denmastejja_,"Itulah pentingnya mensejahterakan rakyat bahllul gobl**k ,, biar penjabat dan rakyat setara ,, gak penjabat aja yang menikmati jadi rakyat juga merdeka ğŸ”¥ otak lu ke geser ,, harusnya penjabat yang lebih miskin dari rakyatnya ,, kalau lu menjabat di negara ini dengan hati nurani â€¦ main selundupan melulu siih ya rakyat muak kalau posisi rakyat jadi lu ya lebih jahat orang kelakuan penjabatnya aja dari dulu emang sudah koruptorğŸ˜‚ğŸ¤£ğŸ˜‚",0
2025-12-07T14:13:33,2025-12-07T05:06:44,itsleo.gurl,"phobia bgt gue liat bahlil, ditambah dia ngomong begini bikin gue tambah phobia, enek, mau muntahhhhh anjingggg",0
2025-12-07T14:13:33,2025-12-07T04:28:52,sbndi10,inimah AI pak Bahlil gak mungkin ngomong Kitu wk,0
2025-12-07T14:13:33,2025-12-07T02:39:45,paulragil55,Kenapa dia hidup,0
2025-12-07T14:13:33,2025-12-07T02:16:04,ahmdalannn_,@bahlillahadalia pak kapan mau mundur,0
2025-12-07T14:13:33,2025-12-07T00:52:50,farel.lidibakars,"ha ""lebih jahat dari saya"" ????!! Gila ini udh jelas bgt cek ga sihh",1
2025-12-07T14:13:33,2025-12-07T00:28:59,makbullah.1,,0
2025-12-07T14:13:33,2025-12-07T00:01:35,hendraeka2711,Jembuttttt anjing kou bahlul. asuuuu!!!!! Gatellll,0
2025-12-07T14:13:33,2025-12-07T00:00:54,extraespresso,Dia sadar gak sih waktu lagi ngomong??,0
2025-12-07T14:13:33,2025-12-07T00:00:16,ullli_rll,,0
2025-12-07T14:13:33,2025-12-06T23:28:25,luthfiarpandi,Can he just die already? Im so sick of this black goblin,1
2025-12-07T14:13:33,2025-12-06T23:27:30,albertprabulumbaini,Pola pikir apa lah ini ? Rakyat atau apa â“ ğŸ˜Œ,0
2025-12-07T14:13:33,2025-12-06T23:18:36,radittukam_2st,,0
2025-12-07T14:13:33,2025-12-06T23:09:02,hsmbjr,Kapan sih rakyat nepal ke konoha,0
2025-12-07T14:13:33,2025-12-06T22:28:02,xolovetiara,lah loh,0
2025-12-07T14:13:33,2025-12-06T22:20:47,t4hu_g0rengkeju,bahlil bahlil,0
2025-12-07T14:13:33,2025-12-06T22:09:27,halim_tanwir,"Semoga bukan AI , seandainya bukan AI. Semoga para pemimpin jujur bisa menggantinya",0
2025-12-07T14:13:33,2025-12-06T21:19:30,idar_2222,Pengakuan,0
2025-12-07T14:13:33,2025-12-06T20:37:43,f4jriakbr_,ngomong mulu lu monyett,1
2025-12-07T14:13:33,2025-12-06T20:20:35,just.nius,assalammualaikum teh novi @pratiwinoviyanthi_real2,0
2025-12-07T14:13:33,2025-12-06T20:15:12,fajrkun,Bahlul ladAhitam,0
2025-12-07T14:13:33,2025-12-06T20:10:16,proka_bbt_fa,Setan,0
2025-12-07T14:13:33,2025-12-06T19:44:47,nrr_nyzhar,Senyum ny itulohh ngundong tonjokanğŸ˜Š,0
2025-12-07T14:13:33,2025-12-06T19:34:05,ichiboss.yp,Dongo @bahlillahadalia,0
2025-12-07T14:13:33,2025-12-06T19:32:18,imsiphaa_,Anjir kirain gua Tuyul pidatoğŸ˜­ğŸ—¿,0
2025-12-07T14:13:33,2025-12-06T18:56:01,wiriiana,wkwkwk berarti lo jahatkan?,0
2025-12-07T14:13:33,2025-12-06T18:16:13,rassyid.ocid,,0
2025-12-07T14:13:33,2025-12-06T18:00:57,kedai_kangabeng,ğŸ˜‚ğŸ˜‚ğŸ˜‚...secara tidak langsung dia akui kejahatannya...ğŸ˜‚ğŸ˜‚ğŸ˜‚,0
2025-12-07T14:13:33,2025-12-06T17:53:04,anniatiqahh,ğŸ˜­,0
2025-12-07T14:13:33,2025-12-06T17:29:22,sy.aiful6867,Najiiiiiiiiiiiissssssss tralala deh,0
2025-12-07T14:13:33,2025-12-06T17:17:57,wsnusatr,aig ge benci ka sia,0
2025-12-07T14:13:33,2025-12-06T16:45:14,mohammedsabeq,ğŸ˜‚ğŸ˜‚ğŸ˜‚ğŸ˜‚ğŸ˜‚ğŸ˜‚ğŸ˜‚ğŸ‘ğŸ‘ğŸ‘,0
2025-12-07T14:13:33,2025-12-06T16:12:42,haris_ramadan_111,Broo mengaku sendiri ğŸ˜‚,0
2025-12-07T14:13:33,2025-12-06T15:57:20,joymclarrent,Gblk,0
2025-12-07T14:13:33,2025-12-06T14:28:42,kushend_hendra,"Emang fakta sih.. mereka yg duduk di parlemen n di pemerintahan juga dulunya mahasiswa yang ikutan demo menentang oligarki. Nanti juga estafet, jika mereka turun digantikan yang baru bisa lebih parah. Yang salah itu penerapan hukum di Indonesia. Jadi kejahatan ga ada kelarnya",0
2025-12-07T14:13:33,2025-12-06T13:54:53,mroynnnvcts,Woi siapa yang milih ODGJ ini,0
2025-12-07T14:13:33,2025-12-06T13:52:34,ocii_wyy,Bahlil ethanol anjjjjjjjjj,0
2025-12-07T14:13:33,2025-12-06T13:46:06,weewoonism,Ngaku sendiri dong inimah ğŸ˜¹,0
2025-12-07T14:13:33,2025-12-06T13:40:52,adelkharisma,Stress,0
2025-12-07T14:13:33,2025-12-06T13:28:31,joetimbuleng,ğŸ”ªğŸ”ªğŸ”ª,0
2025-12-07T14:13:33,2025-12-06T13:23:28,mhd.iqbalf,"Dia mengakui kejahatan nya sebagai pejabat publik,bahlil anjing",0
2025-12-07T14:13:33,2025-12-06T12:51:24,dit_genk2008,Normalisasi penjahat ğŸ˜­,0
2025-12-07T14:13:33,2025-12-06T12:35:54,rxyn.xven,Goblin stress,0
2025-12-07T14:13:33,2025-12-06T12:33:19,sayadapoy2_,"Lebih jahat dari sayaa???, emang udah niat ternyata?",1
2025-12-07T14:13:33,2025-12-06T12:30:37,3xajai,dah lah g seliang kubur juga,0
2025-12-07T14:13:33,2025-12-06T12:08:23,fardhywiharjo,Haduh tlg stop bacot. Mulailah bekerja dgn benerr,0
2025-12-07T14:13:33,2025-12-06T11:57:29,asep.rizza,Yang begini jadi pejabat... Gimana ga ngeruk kekayaan...,0
2025-12-07T14:13:33,2025-12-06T11:24:29,putriindrya_,@bahlillahadalia  gilaa jabatan,0
2025-12-07T14:13:33,2025-12-06T11:06:31,fyerra,??? Apa sih lil,0
2025-12-07T14:13:33,2025-12-06T10:47:16,radesyah_01,Si ğŸ’ lagi ngomong,0
2025-12-07T14:13:33,2025-12-06T10:24:25,mogi_aniken,Ohhh gitu pantes aja nggak ada empatiğŸ—¿,0
2025-12-07T14:13:33,2025-12-06T09:14:46,wira.almo,Orang gila dikasih jabatan ya GINI hasilnya,0
2025-12-07T14:13:33,2025-12-06T08:58:35,yysf11110,"Berarti beliau nyadar, dia jahat wkwk bahlil bgst",0
2025-12-07T14:13:33,2025-12-06T08:43:53,dinimistiani.id,Ya tuhaaannnğŸ˜­ğŸ˜­ğŸ˜­ sehat bapak ini?,0
2025-12-07T14:13:33,2025-12-06T08:30:02,ervinnagriffiths,Ingat Tuhan,0
2025-12-07T14:13:33,2025-12-06T08:19:47,ntsya_d,,0
2025-12-07T14:13:33,2025-12-06T07:34:43,karstika,amit2.,0
2025-12-07T14:13:33,2025-12-06T07:16:34,tiaraalfsh,Sumpah gada yg bisa dibanggain dari ni orgğŸ˜­,0
2025-12-07T14:13:33,2025-12-06T07:06:42,axl.predi,Kamu jahat bahlil,0
2025-12-07T14:13:33,2025-12-06T06:47:43,llliww_420,tolol,0
2025-12-07T14:13:33,2025-12-06T06:39:19,vithriani.hfdzh.elhaq.sm,ğŸ—¿,0
2025-12-07T14:13:33,2025-12-06T06:37:22,indahdwrrr,Bahlil kontol bahlil anjing,0
2025-12-07T14:13:33,2025-12-06T06:25:24,a_14_lni,"istigfar bahlil kata gw mh lu, ingt azab umur g ad yg tahuğŸ¥²ğŸ™ğŸ».",0
2025-12-07T14:13:33,2025-12-06T06:05:29,r4fliehzz.io,,0
2025-12-07T14:13:33,2025-12-06T05:57:21,ipaat01,"Aduhh, salam saya dari sumbar turut bangga kalau bapak naik mobil pakai pengawalan apalah kami yang di sumbar",0
2025-12-07T14:13:33,2025-12-06T05:55:42,zawahyu8,"Lu tuh mentri, bertugas untuk kesejahteraan rakyat,klo dikritik tuh terima dan perbaiki, ini kok dikritik rakyat,malah seakan anggap rakyat ini musuh, gimana dah ini",0
2025-12-07T14:13:33,2025-12-06T05:52:19,irin.nich,"Si bodoh ini malah bangga jadi orang jahat. Mewajarkan kesombongan yang bukan milik pribadi. Malu pak, itu uang rakyat. Anda itu karyawan rakyat. Hilang banget rasa malunya ini.",0
2025-12-07T14:13:33,2025-12-06T05:44:22,xxfroyy,korup lu binatang,0
2025-12-07T14:13:33,2025-12-06T05:33:05,fandiikl,alah bahlil kontol,0
2025-12-07T14:13:33,2025-12-06T05:21:55,wan_odwyy,ai anj,0
2025-12-07T14:13:33,2025-12-06T05:11:46,darklion_company,BAHLULL ENTEE,0
2025-12-07T14:13:33,2025-12-06T03:23:10,khaffnn__,Babi puki kau,0
2025-12-07T14:13:33,2025-12-06T03:15:11,nisfuahmadsyah,@prabowo liat pak menteri satu ini pecat pak,0
2025-12-07T14:13:33,2025-12-06T03:11:57,yara.zahrah,Malu,0
2025-12-07T14:13:33,2025-12-06T03:09:50,nanaest03__,Berarti ente jahatğŸ—¿ğŸ—¿ğŸ—¿ğŸ—¿secara tidak langsung mengakui ğŸ¤£ğŸ¤£almaaakkk,0
2025-12-07T14:13:33,2025-12-06T02:31:44,okajaydq,Apa ini apa? Pak @purnomopolisibaik,0
2025-12-07T14:13:33,2025-12-06T02:18:13,febrialyd,â€œLbh jahat drpd sayaâ€ ? BEARTI BAHLIL MENGAKUI JAHAT DONG,0
2025-12-07T14:13:33,2025-12-06T01:31:39,bellassaurus,"alamak, ternyata kosong banget yaa",0
2025-12-07T14:13:33,2025-12-06T01:28:37,michaeljuntak24,Yaa ampun yg begini kok bisa jadi menteri,0
2025-12-07T14:13:33,2025-12-06T01:07:17,_rafky_al,Kan nyadar jahatğŸ—¿ğŸ—¿,0
2025-12-07T14:13:33,2025-12-06T00:59:10,prastyhany,,0
2025-12-07T14:13:33,2025-12-06T00:32:49,maazzah,ga lucu,0
2025-12-07T14:13:33,2025-12-06T00:03:56,dinaveen,Capedeeh ğŸ’†ğŸ¼â€â™€ï¸,0
2025-12-07T14:13:33,2025-12-05T23:58:42,ryxzz_art,Ngeri banget ajg,0
2025-12-07T14:13:33,2025-12-05T23:23:21,koo_d_sinii,"OOPPPP, DIA SUDAH MANGAKU DIRINYA JAHATTğŸ¤£ğŸ¤£ğŸ¤£",0
2025-12-07T14:13:33,2025-12-05T23:20:35,zaenaldjaya,Makanya mau lempar kau,0
2025-12-07T14:13:33,2025-12-05T23:16:57,ahmad_rira,Yak elah Sendiri aja kali...jgan ajakÂ² lah,0
2025-12-07T14:13:33,2025-12-05T23:13:45,lnsomniiaaaa,gila,0
2025-12-07T14:13:33,2025-12-05T22:58:27,senimanada,,0
2025-12-07T14:13:33,2025-12-05T22:57:34,derizooo_,makan taik pak enak,0
2025-12-07T14:13:33,2025-12-05T22:51:11,extrovrtt,emang orang tolol,0
2025-12-07T14:13:33,2025-12-05T22:50:51,aditiya39355,kocak stress ğŸ˜‚ğŸ—¿,0
2025-12-07T14:13:33,2025-12-05T22:49:12,jengjet__,Goblok,0
2025-12-07T14:13:33,2025-12-05T22:47:54,irhabztx_,setres,0
2025-12-07T14:13:33,2025-12-05T22:16:10,dhoil98,Ya Allah ğŸ˜¢,0
2025-12-07T14:13:33,2025-12-05T21:48:08,zaynnovalardian_,Dasar tuyul,0
2025-12-07T14:13:33,2025-12-05T21:48:00,zaynnovalardian_,Ngaku,0
2025-12-07T14:13:33,2025-12-05T21:38:10,d1totrysya,bro sadar dirinya jahat,0
2025-12-07T14:13:33,2025-12-05T21:17:48,fixmaulana_,KELIATAN JAHATNYA SI BOSğŸ—¿,0
2025-12-07T14:13:33,2025-12-05T21:17:37,strarell04,Dengan bangganya ğŸ—¿,0
2025-12-07T14:13:33,2025-12-05T21:00:07,fazar.arif,basian semalem kayanya,0
2025-12-07T14:13:33,2025-12-05T20:31:44,aimanmaulanasutanto,secara ga langsung bilang kalo dia jahat tuh,0
2025-12-07T14:13:33,2025-12-05T20:03:47,juju6211,Wkwkwkww ... mantap kan,0
2025-12-07T14:13:33,2025-12-05T20:00:30,ariabdulmuhyi.zayn,Enak juga barang iniğŸ”¥@yasin.gosandra,0
2025-12-07T14:13:33,2025-12-05T19:58:08,remaja_pahit,ğŸ—¿,0
2025-12-07T14:13:33,2025-12-05T19:46:33,syaifularrr,adus kosokan lil,0
2025-12-07T14:13:33,2025-12-05T19:44:51,n.aimaa11,Tll,0
2025-12-07T14:13:33,2025-12-05T19:33:33,dewi_handariatul_mahmudah,Mual liat mukanya,0
2025-12-07T14:13:33,2025-12-05T19:25:40,fadiahsafanaa_,ngaku ni spesies klo jahat,0
2025-12-07T14:13:33,2025-12-05T18:41:47,nauvall_fahmi,,0
2025-12-07T14:13:33,2025-12-05T18:37:34,slfkamila_,ishhh g isin ta?,0
2025-12-07T14:13:33,2025-12-05T18:27:55,ciloonakmeletupp,itu tau kalo lu jahat,0
2025-12-07T14:13:33,2025-12-05T18:24:13,primaaziz548,Cobo balenono maneh pakğŸ¥Š,0
2025-12-07T14:13:33,2025-12-05T18:09:36,vatir77_,,0
2025-12-07T14:13:33,2025-12-05T17:54:00,cat_rinnhae,Ywdh skrng kita lempar Bahlil aj,0
2025-12-07T14:13:33,2025-12-05T16:53:20,ahrsyd_,goblok,0
2025-12-07T14:13:33,2025-12-05T16:11:51,aleezaa.x,Tolooooool,0
2025-12-07T14:13:33,2025-12-05T16:04:54,aisaszn,huft,0
2025-12-07T14:13:33,2025-12-05T16:04:47,erizalistya,Kok gt sih? ğŸ˜®,0
2025-12-07T14:13:33,2025-12-05T15:49:08,gadishendiana,Berarti dia jahat ya? Intinya begitu kan? Hahaha,0
2025-12-07T14:13:33,2025-12-05T15:18:18,akubaik450,Sepong dulu ngab kontolnya,0
2025-12-07T14:13:33,2025-12-05T15:13:53,jakaelandra,bahlil goblin,0
2025-12-07T14:13:33,2025-12-05T15:02:55,zahwamutia,"Bapak udah kaya, tapi mental masih miskin !",0
2025-12-07T14:13:33,2025-12-05T14:56:01,anggicosta,"MIRIS..... TUHAN TAMPAK KAN KELAKUAN ASLI PEJABAT MINUS... MINIMAL TINGGALIN SEDIKIT RASA MALU... TITIK TERENDAH SEORANG PEJABAT DIROASTING DIHINA, SAMPE DIBIKIN MEME... ğŸ˜‚ğŸ˜‚ğŸ˜‚",1
2025-12-07T14:13:33,2025-12-05T14:54:05,anggicosta,BAHENOL= BAHLUL ETANOLğŸ˜‚ğŸ˜‚,1
2025-12-07T14:13:33,2025-12-05T14:49:21,krisnaadtya__,,0
2025-12-07T14:13:33,2025-12-05T14:48:46,kkhtechmj,Mulutnya makin gak punya adab,0
2025-12-07T14:13:33,2025-12-05T14:36:07,88yoreli,,0
2025-12-07T14:13:33,2025-12-05T14:27:41,iyaudaiyaa21,Lebih baik jadi warga walaupun jahat juga tidak melibatkan seluruh rakyat menjadi korban kemunafikan!,0
2025-12-07T14:13:33,2025-12-05T14:24:19,_abdulkariem,Oh dia mengaku jahat,0
2025-12-07T14:13:33,2025-12-05T14:08:27,tnyherlangg,kok bongkar aip sendiri si lo jelek,0
2025-12-07T14:13:33,2025-12-05T13:41:32,naraisbackkk,,0
2025-12-07T14:13:33,2025-12-05T13:34:20,mutiaraekaningrum,Oh bpk ini mengakui dirinya jahat,0
2025-12-07T14:13:33,2025-12-05T13:26:16,steviy4p5,,0
2025-12-07T14:13:33,2025-12-05T13:22:35,fdealf13,â€œDengan bangga saya nyatakan saya jahatâ€ğŸ˜‚,0
2025-12-07T14:13:33,2025-12-05T13:17:57,erhprawl,"berarti secara gak sengaja, dia mengakui perbuatannya jahat. bukan gitu pak menteri ESDM yang terhormat?ğŸ˜Š",0
2025-12-07T14:13:33,2025-12-05T13:12:42,pink2_ping,parah udah ini.. ğŸ˜­,0
2025-12-07T14:13:33,2025-12-05T13:10:24,faniyagstys,YaAllah maaf wong iki nek di untal komodo kyk e di lepeh,0
2025-12-07T14:13:33,2025-12-05T13:09:29,faniyagstys,Mata hati pikiran ketutup sama kekuasaan,0
2025-12-07T14:13:33,2025-12-05T13:08:48,faniyagstys,Jangan jadi pejabat nanti kamu jahat,0
2025-12-07T14:13:33,2025-12-05T13:04:06,joperio.n_,ğŸ˜¢,0
2025-12-07T14:13:33,2025-12-05T12:57:32,peot_298338939939,lawak lu kontol,0
2025-12-07T14:13:33,2025-12-05T12:54:45,chikarin_h58,Tai,0
2025-12-07T14:13:33,2025-12-05T12:24:33,beardpacker,,0
2025-12-07T14:13:33,2025-12-05T12:20:51,garnafi14,CelengğŸ—¿,0
2025-12-07T14:13:33,2025-12-05T12:14:47,ivanapriliyansyah,,0
2025-12-07T14:13:33,2025-12-05T12:06:17,destefelynpaz,"pak, udh pak.. diem pak.. saya pusing kuliah...",0
2025-12-07T14:13:33,2025-12-05T11:58:41,indahtriianaa,stress,0
2025-12-07T14:13:33,2025-12-05T11:58:39,pandupannn,Bahlil kontol,0
2025-12-07T14:13:33,2025-12-05T11:33:52,danillah_,Aspal kalo dikasih nyawa tuh gitu ya.,0
2025-12-07T14:13:33,2025-12-05T11:27:48,deltaforcememe,"DIA MENGAKUI KALAU DIA JAHAT, PIKIR PKAI LOGIKA",0
2025-12-07T14:13:33,2025-12-05T11:24:24,di_ya_sss,,0
2025-12-07T14:13:33,2025-12-05T11:05:11,anomali0808,,0
2025-12-07T14:13:33,2025-12-05T10:52:56,desta_rangers_,otak ada otak?,0
2025-12-07T14:13:33,2025-12-05T10:47:10,orico_rio,"Da yg bgus pun jg klian musuhi n sepak, ye kan? ğŸ˜‚",0
2025-12-07T14:13:33,2025-12-05T10:33:18,eehhhaliii,ngentot ni org ğŸ—¿,0
2025-12-07T14:13:33,2025-12-05T10:00:06,shintyarrrr,Bahlul,0
2025-12-07T14:13:33,2025-12-05T09:57:05,yusufcamelo,Wow brti anda sekarang sudah kejam.. iblis,0
2025-12-07T14:13:33,2025-12-05T09:36:48,sashgllry,diem gak lu botak bloon,0
2025-12-07T14:13:33,2025-12-05T09:36:05,liin_in6,"Ya minimal jangan kebangsatan anjing, kasian rakyat jelata seperti saya apa"" serba susah",0
2025-12-07T14:13:33,2025-12-05T09:23:20,finkaf93,Inalilahi,0
2025-12-07T14:13:33,2025-12-05T09:09:10,jordantugan,"Inilah sifat serakah, kita sebagai manusia harus selalu merasa cukup dan bersyukur atas rezeki kita. Biar tidak seperti Si Bahlil ini kesetanan",1
2025-12-07T14:13:33,2025-12-05T09:04:51,syahi2376,Sudah mengakui kalau dia jahatğŸ”¥ğŸ”¥ğŸ”¥,0
2025-12-07T14:13:33,2025-12-05T08:37:37,lailyfs_,P mksd,0
2025-12-07T14:13:33,2025-12-05T08:06:41,light_is_my.name,goblin Jahannam ğŸ˜‚,0
2025-12-07T14:13:33,2025-12-05T07:56:14,_irfnsyh,,0
2025-12-07T14:13:33,2025-12-05T07:44:22,aangmaisah,Se engga nya gue bersyukur ga jelek2 amat ğŸ¤£,0
2025-12-07T14:13:33,2025-12-05T07:29:48,yrkh.t,"Si Bahlil kan emng dungu kan,",0
2025-12-07T14:13:33,2025-12-05T07:16:20,wdyashe,Hah? Apa apa?,0
2025-12-07T14:13:33,2025-12-05T07:10:20,nadhifkh,"Berarti dia mengakui dia juga jahat, cuma ""ga sejahat"" itu ğŸ¤­ğŸ¤­",0
2025-12-07T14:13:33,2025-12-05T07:08:55,mardiyua,"Lu aja itu mah, maruk",0
2025-12-07T14:13:33,2025-12-05T06:58:56,mameeerrr28,Lul lu miskin lg aja dah,0
2025-12-07T14:13:33,2025-12-05T06:58:43,aan_sz,@nnngsprtna,0
2025-12-07T14:13:33,2025-12-05T06:46:01,madsololeveling,@bahlillahadalia ga sadar ahh,0
2025-12-07T14:13:33,2025-12-05T06:27:09,gianzart73,Berarti org ini emg bangsat,0
2025-12-07T14:13:33,2025-12-05T06:21:32,conscious.216,Bro mengakui dirinya jahatğŸ—¿,0
2025-12-07T14:13:33,2025-12-05T06:05:55,phands04,Eksekusi mat juga jadi hal umum juga dong,0
2025-12-07T14:13:33,2025-12-05T05:55:16,skylin3____,BACOT KONTOL ANJING,0
2025-12-07T14:13:33,2025-12-05T05:52:45,ajengrusmita,"pantes ipk ga sampai 3 , iri dengki soalnya...",0
2025-12-07T14:13:33,2025-12-05T05:46:35,imam.ihsan_,ADILI BHL!,0
2025-12-07T14:13:33,2025-12-05T05:38:29,elmstchz,naudzubillahim min dzaalik ğŸ¥º,0
2025-12-07T14:13:33,2025-12-05T05:11:23,risma_febri14,Astagfirullah Astagfirullah,0
2025-12-07T14:13:33,2025-12-05T04:56:15,mrwa.yow,Minimal mandi,0
2025-12-07T14:13:33,2025-12-05T03:49:15,azzxhrads,Bener-bener,0
2025-12-07T14:13:33,2025-12-05T02:58:58,maramara._,,0
2025-12-07T14:13:33,2025-12-05T01:53:13,is_al666,Gak semua orang sejahat kau Bahlol,1
2025-12-07T14:13:33,2025-12-05T01:23:10,_f4hriy1,"4jg, pejabat bego tolol, muka alien",0
2025-12-07T14:13:33,2025-12-05T01:14:00,alex_apung,adekny ulil nih,0
2025-12-07T14:13:33,2025-12-04T23:56:34,alifkurniawan2038,,0
2025-12-07T14:13:33,2025-12-04T23:32:58,pangil_ajbng12,Halah bahlil kontol,0
2025-12-07T14:13:33,2025-12-04T23:25:52,antsyahds,enak ye pak @bahlillahadalia,0
2025-12-07T14:13:33,2025-12-04T23:08:02,leonidas19235,Bahlil anjeng,0
2025-12-07T14:13:33,2025-12-04T22:43:49,ridermukti,Kok dibiarkan gini anj!!!!ng,0
2025-12-07T14:13:33,2025-12-04T22:42:40,pink2_ping,parah udah ini.. ğŸ˜­,0
2025-12-07T14:13:33,2025-12-04T22:40:50,niwang24hoursmadness,tolong bawa dia ke psikiater,0
2025-12-07T14:13:33,2025-12-04T22:40:46,pink2_ping,parah udah ini.. ğŸ˜­,0
2025-12-07T14:13:33,2025-12-04T22:36:37,cicit_alzubir,Barang lu bagus ğŸ¤£,0
2025-12-07T14:13:33,2025-12-04T22:29:43,rzf_arzq,bahlil asuu,0
2025-12-07T14:13:33,2025-12-04T22:21:41,cinjoanna,The audacity,0
2025-12-07T14:13:33,2025-12-04T22:10:12,naanooowww,"Lu doang anj, barang ini barang ini make lo ya, mindset lu cetek bahlul",0
2025-12-07T14:13:33,2025-12-04T22:02:49,yogadharmawan_,,0
2025-12-07T14:13:33,2025-12-04T21:46:44,zonakanan,Fix banget tolong dibawa ke @official.kpk,0
2025-12-07T14:13:33,2025-12-04T21:33:19,hamdi_deo,Mengakui si anj,0
2025-12-07T14:13:33,2025-12-04T21:26:01,nurul_widi,NAJIS,0
2025-12-07T14:13:33,2025-12-04T21:22:30,teguhsseptiadi,@official.kpk beranilah sikit pak,0
2025-12-07T14:13:33,2025-12-04T21:10:21,rsb.bayu,Kek gini lah kalo lahir dari tanah sengketa. Otaknya digusur!,0
2025-12-07T14:13:33,2025-12-04T21:08:58,luvley__riiee,,0
2025-12-07T14:13:33,2025-12-04T21:05:09,acung_2109,Naon nu di rasaa,0
2025-12-07T14:13:33,2025-12-04T21:01:14,the_muntants,muka kaya kontol jadi pejabat goblok,0
2025-12-07T14:13:33,2025-12-04T20:40:21,variasipink_3,Ripuh si amang mah,0
2025-12-07T14:13:33,2025-12-04T20:01:17,s_reza0212,Kok belum punah manusia 1 ini,0
2025-12-07T14:13:33,2025-12-04T19:46:11,tw3nty_v,bekantan yaping,0
2025-12-07T14:13:33,2025-12-04T19:35:30,gedionsnga,Kontol,0
2025-12-07T14:13:33,2025-12-04T19:34:33,kangnginep,"kata"" plg jujur sih itu",0
2025-12-07T14:13:33,2025-12-04T19:20:37,dafmj.co,,0
2025-12-07T14:13:33,2025-12-04T18:59:21,aulia_ms13,"Wajar bpk bilang, emang gila",0
2025-12-07T14:13:33,2025-12-04T18:58:50,ankafiii_,berarti dia udah jahat,0
2025-12-07T14:13:33,2025-12-04T18:48:33,bang_atot,Pecat orng ini uyyyyy geram kalii liat nya,0
2025-12-07T14:13:33,2025-12-04T18:40:42,rizkanjannah,tolâ€¦..ol,0
2025-12-07T14:13:33,2025-12-04T18:14:34,haha13dotcom,Bacot tot,0
2025-12-07T14:13:33,2025-12-04T18:03:01,bgas.strio,Penjilat level boss ğŸ”¥ğŸ”¥ğŸ”¥,0
2025-12-07T14:13:33,2025-12-04T17:56:55,edopaga23,,0
2025-12-07T14:13:33,2025-12-04T17:15:12,iamdzall__,baru tau ubi jalar bisa ngomong ğŸ˜³,0
2025-12-07T14:13:33,2025-12-04T17:08:37,itscleo.07,Bahlil kontol,0
2025-12-07T14:13:33,2025-12-04T17:07:41,fliacn,,0
2025-12-07T14:13:33,2025-12-04T17:00:44,el_nickt,Stress,0
2025-12-07T14:13:33,2025-12-04T16:59:39,viraayumaisell,â€œLebih jahat dari sayaâ€ ğŸ—¿,0
2025-12-07T14:13:33,2025-12-04T16:59:19,helenasdbtr,hahahaha ha ha ha,0
2025-12-07T14:13:33,2025-12-04T16:56:13,__aksayv,,0
2025-12-07T14:13:33,2025-12-04T16:48:13,edxcbg,Orang munafik,0
2025-12-07T14:13:33,2025-12-04T16:25:45,astaganaga1445,Anda jahat ternyata. Bangga banget si gak pantes jadi wakil rakyat,0
2025-12-07T14:13:33,2025-12-04T16:19:45,mustopamundut,Ga kebayang kalo di mexico nih orang,0
2025-12-07T14:13:33,2025-12-04T16:12:00,sixsic0,,0
2025-12-07T14:13:33,2025-12-04T15:58:57,murdhani810,Bnyk ngomong Lo kecebong,0
2025-12-07T14:13:33,2025-12-04T15:51:39,lina.aprilianti,Artinya adalah anda juga jahat lol,0
2025-12-07T14:13:33,2025-12-04T15:48:14,dnz.bb,Dongo,0
2025-12-07T14:13:33,2025-12-04T15:45:28,aldigalerger,?,0
2025-12-07T14:13:33,2025-12-04T15:31:37,ar___iya,"Kata mamak gak boleh doain orang masuk neraka, ttt.. ttt.. tttapi.... KALIAN IKHLAS DIA MENTRI KITA? ğŸ˜­",0
2025-12-07T14:13:33,2025-12-04T15:06:20,akbarrobet_,Raine koyok kontol,0
2025-12-07T14:13:33,2025-12-04T15:05:55,haritredd,Ya bener sih. Soalnya rakyat kan cuma mesin perah,0
2025-12-07T14:13:33,2025-12-04T14:53:35,ira_yu2n,"Astaghfirullah, manusia kl mikirnya duniawi spt ini hasilnya yg keluar dr hati dan lisannya. Smoga Allah menjauhkan kita dr sifat dan sikap semacam ini",0
2025-12-07T14:13:33,2025-12-04T14:50:39,alghazali6370,Iya sama yang anda lakukan sekarang. Jadi sampe anak cucu para pejabat sekarang kelkuanya ga akan rubah seperti leluhurnya,0
2025-12-07T14:13:33,2025-12-04T14:45:29,byjahabib_,,0
2025-12-07T14:13:33,2025-12-04T14:41:25,ghazialhmd,,0
2025-12-07T14:13:33,2025-12-04T14:40:49,rahmat_rashmita,@bahlillahadalia berarti kau jahat,0
2025-12-07T14:13:33,2025-12-04T14:37:45,cherryyflavo,diem deh jlek,0
2025-12-07T14:13:33,2025-12-04T14:26:10,ardiansyah.ferry,"BODO AMAT DIA SIAPAA, GW GAG KENAL!!!!",0
2025-12-07T14:13:33,2025-12-04T14:23:47,rizky_fatwa_rahman,Ai kan?,0
2025-12-07T14:13:33,2025-12-04T14:23:06,secondtol.udin,DONGO GOBLOK GOBLOK,0
2025-12-07T14:13:33,2025-12-04T14:11:42,yudi_s03,Gilak gilakkkkkk ğŸ˜­ğŸ—¿ğŸ—¿ğŸ—¿,0
2025-12-07T14:13:33,2025-12-04T13:57:37,fgjewk_,"Bisa di sensor ngak min, saya bahlilphobia ğŸ™",0
2025-12-07T14:13:33,2025-12-04T13:54:44,4deeen1910___,Orang utan udah ga di utan ğŸ˜†,0
2025-12-07T14:13:33,2025-12-04T13:45:11,alziikrii,@prabowo ni mentri pak,0
2025-12-07T14:13:33,2025-12-04T13:45:07,theodorons,ğŸ¤¢ğŸ¤¢ğŸ¤¢ğŸ¤¢,0
2025-12-07T14:13:33,2025-12-04T13:43:52,danu_gates15,Bahlil = BahlulğŸ—¿,0
2025-12-07T14:13:33,2025-12-04T13:41:32,aapriliyantt,Bahlil keling Tolol.,0
2025-12-07T14:13:33,2025-12-04T13:19:53,rcaroraerae,ğŸ¶,0
2025-12-07T14:13:33,2025-12-04T13:19:37,naufalsam_07,Tunggu mati nya parah koruptor ini ğŸ¤£ğŸ¤£ğŸ¤£ğŸ¤£ğŸ¤£,0
2025-12-07T14:13:33,2025-12-04T13:14:16,beadsnblushh,,0
2025-12-07T14:13:33,2025-12-04T13:04:22,apy.aja_,Jadii? Artinya? Jadi pejabat buat memeprkaya diri gitu?,0
2025-12-07T14:13:33,2025-12-04T13:03:08,gunery_01,Ngomong belepotan,0
2025-12-07T14:13:33,2025-12-04T13:02:40,gunery_01,"Jangan kau samakan semua manusia sama kayak lu bngsat,gw pribadi pun gak ada sedikitpun cemburu tegang kekayaan orang orang karna rezeki sudah di atur paham lu,bahlul",0
2025-12-07T14:13:33,2025-12-04T13:00:19,abeechuloo,orgil,0
2025-12-07T14:13:33,2025-12-04T12:56:11,pengandalulas,"""kalian lebih jahat dari saya.."" ğŸ¤” berarti dia sadar diri jahat. Ngapa jadi menteri kalo gitu?ğŸ—¿@bahlillahadalia",0
2025-12-07T14:13:33,2025-12-04T12:51:53,bahren496,ğ™»ğšŠğš‘ ğšğš’ğšŠ ğš—ğšğšŠğš”ğš ğš“ğšŠğš‘ğšŠğš,0
2025-12-07T14:13:33,2025-12-04T12:47:06,briandjie,ada yang mau mukulin ga?,0
2025-12-07T14:13:33,2025-12-04T12:42:09,vilianom,NGAKU ORG JAHAT,0
2025-12-07T14:13:33,2025-12-04T12:39:10,abiyyu_3003,polisiğŸ—¿,1
2025-12-07T14:13:33,2025-12-04T12:24:11,mfthlhyr17,Makann tai lu bahlil,0
2025-12-07T14:13:33,2025-12-04T12:11:50,randi.trisaputra,Bahlil Bahlil.. indonesia mentrinya kocak kocakğŸ¤£ lumayan itung itung ngilangin capek kerja ada hiburan,0
2025-12-07T14:13:33,2025-12-04T12:01:09,bnwyyy_,,0
2025-12-07T14:13:33,2025-12-04T11:53:17,lia_nindra,ğŸ˜­ğŸ˜­ğŸ˜­,0
2025-12-07T14:13:33,2025-12-04T11:44:19,aaka_erikk,Dihhh t*lol yg gini2 jadi pejabatğŸ˜´,0
2025-12-07T14:13:33,2025-12-04T11:38:36,nvxbill,bahlil tolol,0
2025-12-07T14:13:33,2025-12-04T11:36:36,afriynnek_,kebanyakan etanol,0
2025-12-07T14:13:33,2025-12-04T11:09:20,muhammad_azfar88,Ini nama menterinya bahlil atau bahlol?,0
2025-12-07T14:13:33,2025-12-04T11:05:36,andiputra7581,Ahhkkkkkk cuihhh,0
2025-12-07T14:13:33,2025-12-04T10:57:20,zakysiregarrr,"sdm rendah, mindset orang prindavan, jadi sekarang mau jadi pejabat itu hanya ingin kaya bukan menciptakan perubahan ğŸ—¿",0
2025-12-07T14:13:33,2025-12-04T10:39:28,funeralprep,"manusia udh gbsa kontrol begini jadinya, udh hilang akal. Monggo dihujatâ€¦",0
2025-12-07T14:13:33,2025-12-04T10:33:44,rizkyhimovic2345,Anjing.. nih goblin ireng kaga buruÂ² mokad,0
2025-12-07T14:13:33,2025-12-04T10:33:10,meowninist,"@bahlillahadalia tai harusnya keluar dari pantat, bukan dari mulut",0
2025-12-07T14:13:33,2025-12-04T10:26:49,yenni7___,Astaga muka nya,0
2025-12-07T14:13:33,2025-12-04T10:23:13,chamcham_____,Serem banget omongan nya,0
2025-12-07T14:13:33,2025-12-04T10:11:12,septian_putrap,Kontol,1
2025-12-07T14:13:33,2025-12-04T10:02:19,t.ak27,Stand up comedy di mana dia?,0
2025-12-07T14:13:33,2025-12-04T10:00:46,rakha_icikiwr,bro ketawa2 dikira lucu ğŸ˜‚,0
2025-12-07T14:13:33,2025-12-04T09:59:26,nursyakina.p,Sikap apa ini? Lebih hina dari yg paling hina??!,0
2025-12-07T14:13:33,2025-12-04T09:53:27,ichlasmohamad,Wooii ga iri mas .... kl anda berbuat baik gw iri agar gw bs berbuat lebih baik. Kl ngaku jahat rasain aja buat anda sendiri dan siap dg konsekwensinya ... anda seorang menteri sebagai pembantu presiden kan?,0
2025-12-07T14:13:33,2025-12-04T09:52:56,g_frasasti_asty,"ğŸ˜­ğŸ˜­ alamakkkk,, knpa yg kek gini g kena banjir yg kmrn aja sihh ğŸ˜­ğŸ˜­",0
2025-12-07T14:13:33,2025-12-04T09:50:17,_pscoy22,Tolol,0
2025-12-07T14:13:33,2025-12-04T09:47:32,darmayoga3081,"""kalian akan lebih jahat dari saya""? berarti anda udah jahat dong?ğŸ˜‚",0
2025-12-07T14:13:33,2025-12-04T09:45:25,fajarmaul_id,Anjing!! Emang bangsat lu bablil!!,0
2025-12-07T14:13:33,2025-12-04T09:35:58,garry_hutauruk,Pejabat publik begini ngomongnya.ğŸ˜¢ğŸ˜¢ğŸ˜¢,0
2025-12-07T14:13:33,2025-12-04T09:35:39,epiyanidian,Berti lhu jahat donk,0
2025-12-07T14:13:33,2025-12-04T09:32:16,rif_kyid01,make ni orang,0
2025-12-07T14:13:33,2025-12-04T09:26:29,roni_oul,Realita negeri yang miris ini,0
2025-12-07T14:13:33,2025-12-04T08:50:14,freeatinnn,Bahlil emang bahlul.,0
2025-12-07T14:13:33,2025-12-04T08:33:02,niapung,Fix dia memanfaatkan kedudukan untuk balas dendam ğŸ”¥,0
2025-12-07T14:13:33,2025-12-04T08:22:38,30rck,mmg 4jg org iniğŸ¤£,0
2025-12-07T14:13:33,2025-12-04T08:16:43,buasih23,Muaaaak ...,0
2025-12-07T14:13:33,2025-12-04T08:10:57,mhammdd_al,isi fyp nya bahlil semua co gedek bet liat nya,0
2025-12-07T14:13:33,2025-12-04T08:10:05,tea_taufik,Laknatullah,0
2025-12-07T14:13:33,2025-12-04T08:07:11,ajipanggbn_,Ini org tua mau di hina tapi udah hina deluan,0
